{
  "model/models.js": 1710754219203,
  "controller/App.controller.js": 1710754219207,
  "i18n/i18n.properties": 1710754254550,
  "controller/View1.controller.js": 1710754577439,
  "manifest.json": 1710757612585,
  "Component.js": 1710754219195,
  "Component-preload.js": 1710757612886,
  "controller/App-dbg.controller.js": 1710754219207,
  "controller/View1-dbg.controller.js": 1710754577439,
  "model/models-dbg.js": 1710754219203,
  "Component-dbg.js": 1710754219195,
  "view/View1.view.xml": 1710754603527,
  "view/App.view.xml": 1710754219211,
  "css/style.css": 1710754219207,
  "index.html": 1710754434634
}